City_ID,City,Lat,Lng,Max Temp,Humidity,Cloudiness,Wind Speed,Country,Date
0,sompeta,18.9333,84.6,72.0,58,100,6.2,IN,2023-02-01 01:21:13
1,fomboni,-12.28,43.7425,82.15,73,100,7.99,KM,2023-02-01 01:21:15
2,butaritari,3.0707,172.7902,80.38,78,100,17.47,KI,2023-02-01 01:21:15
3,yellowknife,62.456,-114.3525,-25.08,75,20,11.5,CA,2023-02-01 01:21:16
4,mar del plata,-38.0023,-57.5575,68.95,88,75,9.22,AR,2023-02-01 01:18:06
5,vaini,-21.2,-175.2,80.76,94,75,11.5,TO,2023-02-01 01:21:16
6,lata,40.1629,-8.3327,35.08,79,0,3.29,PT,2023-02-01 01:21:17
7,oistins,13.0667,-59.5333,73.49,78,20,6.91,BB,2023-02-01 01:16:56
8,cherskiy,68.75,161.3,-12.19,100,60,3.06,RU,2023-02-01 01:21:18
9,bredasdorp,-34.5322,20.0403,65.39,97,17,3.96,ZA,2023-02-01 01:21:18
10,saint-philippe,-21.3585,55.7679,74.79,88,100,12.24,RE,2023-02-01 01:21:19
11,punta arenas,-53.15,-70.9167,55.51,58,40,19.57,CL,2023-02-01 01:21:19
12,thompson,55.7435,-97.8558,-23.64,69,75,0.0,CA,2023-02-01 01:20:35
13,lagunas,-5.2269,-75.6753,80.22,69,99,3.8,PE,2023-02-01 01:21:19
14,praya,14.9215,-23.5087,70.34,73,40,19.57,CV,2023-02-01 01:21:20
15,tiksi,71.6872,128.8694,-1.28,99,100,10.0,RU,2023-02-01 01:16:59
16,busselton,-33.65,115.3333,66.9,50,0,15.64,AU,2023-02-01 01:21:20
17,lingao,19.9103,109.6859,66.18,83,17,5.91,CN,2023-02-01 01:21:21
18,olafsvik,64.8945,-23.7142,30.61,82,100,21.92,IS,2023-02-01 01:21:21
19,dhadar,28.3305,75.0632,53.44,57,0,7.74,IN,2023-02-01 01:21:22
20,santa helena,-2.2311,-45.3,73.54,99,100,2.57,BR,2023-02-01 01:21:22
21,kapaa,22.0752,-159.319,79.12,79,75,10.36,US,2023-02-01 01:17:07
22,palmer,42.1584,-72.3287,27.25,60,20,4.61,US,2023-02-01 01:21:23
23,chemax,20.65,-87.9333,73.13,81,6,4.43,MX,2023-02-01 01:21:23
24,kontagora,10.3999,5.4695,77.13,17,62,5.03,NG,2023-02-01 01:21:24
25,kamenka,51.3223,42.7678,29.19,97,100,8.59,RU,2023-02-01 01:21:24
26,rikitea,-23.1203,-134.9692,79.25,73,1,14.05,PF,2023-02-01 01:17:02
27,salalah,17.0151,54.0924,66.78,77,85,4.12,OM,2023-02-01 01:21:25
28,kahului,20.8947,-156.47,80.62,65,20,6.91,US,2023-02-01 01:21:25
29,port elizabeth,-33.918,25.5701,67.32,94,20,3.44,ZA,2023-02-01 01:21:26
30,chokurdakh,70.6333,147.9167,0.5,98,100,5.73,RU,2023-02-01 01:21:26
31,hay river,60.8156,-115.7999,-9.42,77,75,8.05,CA,2023-02-01 01:21:26
32,surt,31.2089,16.5887,57.67,63,33,22.7,LY,2023-02-01 01:21:27
33,east london,-33.0153,27.9116,71.1,88,4,6.53,ZA,2023-02-01 01:21:27
34,bandarbeyla,9.4942,50.8122,74.41,70,3,13.62,SO,2023-02-01 01:21:28
35,hobart,-42.8794,147.3294,58.05,79,100,19.57,AU,2023-02-01 01:17:21
36,jamestown,42.097,-79.2353,17.71,81,100,3.44,US,2023-02-01 01:21:28
37,saint-francois,46.4154,3.9054,38.64,93,100,3.44,FR,2023-02-01 01:21:28
38,uruguaiana,-29.7547,-57.0883,84.13,51,0,5.75,BR,2023-02-01 01:21:29
39,ushuaia,-54.8,-68.3,56.86,51,75,11.5,AR,2023-02-01 01:21:29
40,riwaka,-41.0833,173.0,68.0,98,100,2.46,NZ,2023-02-01 01:21:30
41,cape town,-33.9258,18.4232,72.37,80,0,14.0,ZA,2023-02-01 01:21:30
42,atuona,-9.8,-139.0333,79.0,75,100,22.75,PF,2023-02-01 01:21:30
43,camana,-16.6228,-72.7111,74.1,89,100,4.72,PE,2023-02-01 01:21:31
44,albany,42.6001,-73.9662,22.46,60,89,5.26,US,2023-02-01 01:21:31
45,dikson,73.5069,80.5464,-11.24,93,25,9.26,RU,2023-02-01 01:21:32
46,erbaa,40.6689,36.5675,37.67,96,100,2.71,TR,2023-02-01 01:21:32
47,hermanus,-34.4187,19.2345,61.81,93,4,3.49,ZA,2023-02-01 01:21:33
48,alizai,33.5383,70.3462,43.7,46,14,3.8,PK,2023-02-01 01:21:33
49,santa marta,11.2408,-74.199,80.65,67,20,21.0,CO,2023-02-01 01:21:33
50,rio gallegos,-51.6226,-69.2181,57.25,51,0,9.22,AR,2023-02-01 01:21:34
51,mataura,-46.1927,168.8643,70.27,75,100,2.24,NZ,2023-02-01 01:21:34
52,hithadhoo,-0.6,73.0833,80.85,74,25,12.08,MV,2023-02-01 01:21:34
53,constitucion,-35.3333,-72.4167,55.36,82,0,11.97,CL,2023-02-01 01:21:35
54,norman wells,65.282,-126.8329,-20.16,76,20,8.05,CA,2023-02-01 01:21:36
55,fortuna,40.5982,-124.1573,50.94,73,0,9.22,US,2023-02-01 01:21:36
56,zyryanka,65.75,150.85,-14.66,96,100,5.84,RU,2023-02-01 01:21:36
57,buala,-8.145,159.5921,82.96,75,97,10.02,SB,2023-02-01 01:21:37
58,valparaiso,-33.0393,-71.6273,60.44,88,0,4.61,CL,2023-02-01 01:21:20
59,sioux lookout,50.1001,-91.917,-14.73,84,40,0.0,CA,2023-02-01 01:21:37
60,marsa matruh,31.3525,27.2453,52.0,66,0,17.27,EG,2023-02-01 01:21:38
61,uusikaupunki,60.8004,21.4084,27.52,90,87,4.25,FI,2023-02-01 01:21:38
62,kaitangata,-46.2817,169.8464,70.23,72,98,6.33,NZ,2023-02-01 01:21:39
63,lavrentiya,65.5833,-171.0,17.8,98,100,2.93,RU,2023-02-01 01:21:39
64,golden,39.7555,-105.2211,26.56,63,0,4.0,US,2023-02-01 01:20:04
65,alikalia,9.1667,-11.4,68.68,59,0,2.24,SL,2023-02-01 01:21:40
66,qaanaaq,77.484,-69.3632,-7.11,47,80,8.23,GL,2023-02-01 01:21:40
67,shishou,29.7226,112.419,51.51,39,0,11.32,CN,2023-02-01 01:21:40
68,upernavik,72.7868,-56.1549,-2.87,93,100,13.31,GL,2023-02-01 01:18:16
69,ketchikan,55.3422,-131.6461,42.78,93,100,6.91,US,2023-02-01 01:21:41
70,williams lake,52.1415,-122.1445,23.05,93,100,9.22,CA,2023-02-01 01:21:41
71,karratha,-20.7377,116.8463,91.31,49,15,8.93,AU,2023-02-01 01:21:42
72,meadow lake,34.8014,-106.5436,44.11,36,27,5.3,US,2023-02-01 01:21:42
73,kruisfontein,-34.0033,24.7314,64.89,90,0,2.73,ZA,2023-02-01 01:21:42
74,saskylakh,71.9167,114.0833,-23.21,97,100,11.99,RU,2023-02-01 01:21:43
75,bonthe,7.5264,-12.505,76.44,86,0,2.33,SL,2023-02-01 01:21:43
76,barrow,71.2906,-156.7887,-5.78,77,0,29.93,US,2023-02-01 01:19:53
77,cururupu,-1.8283,-44.8683,74.88,95,100,3.4,BR,2023-02-01 01:21:44
78,roosendaal,51.5308,4.4653,44.49,88,100,11.5,NL,2023-02-01 01:21:44
79,beloha,-25.1667,45.05,69.17,79,30,12.64,MG,2023-02-01 01:21:45
80,ghatampur,26.1667,80.1667,49.73,91,0,7.9,IN,2023-02-01 01:21:45
81,pisco,-13.7,-76.2167,73.45,78,0,14.97,PE,2023-02-01 01:17:49
82,aklavik,68.2191,-135.0107,-32.13,100,72,3.74,CA,2023-02-01 01:21:46
83,hun,29.1268,15.9477,48.09,72,7,8.75,LY,2023-02-01 01:21:46
84,guerrero negro,27.9769,-114.0611,58.35,52,9,7.92,MX,2023-02-01 01:21:46
85,georgetown,5.4112,100.3354,80.53,88,20,3.44,MY,2023-02-01 01:21:47
86,alfred,42.2542,-77.7906,18.73,74,100,1.41,US,2023-02-01 01:21:47
87,turan,16.0678,108.2208,69.78,83,20,1.14,VN,2023-02-01 01:19:51
88,atherton,53.5237,-2.4935,46.74,82,94,8.01,GB,2023-02-01 01:21:48
89,taoudenni,22.6783,-3.9836,57.6,20,100,12.62,ML,2023-02-01 01:21:48
90,castro,-24.7911,-50.0119,63.48,98,100,2.26,BR,2023-02-01 01:21:48
91,bo rai,12.5728,102.5371,75.76,58,100,1.28,TH,2023-02-01 01:21:49
92,coquimbo,-29.9533,-71.3436,64.13,88,0,6.91,CL,2023-02-01 01:20:49
93,srednekolymsk,67.45,153.6833,-20.2,94,100,4.83,RU,2023-02-01 01:21:49
94,arraial do cabo,-22.9661,-42.0278,76.14,86,56,26.13,BR,2023-02-01 01:17:47
95,atbasar,51.8,68.3333,-7.06,95,100,3.06,KZ,2023-02-01 01:21:50
96,laguna,38.421,-121.4238,53.89,41,0,3.44,US,2023-02-01 01:21:50
97,kaduna,10.5222,7.4383,71.08,19,100,6.87,NG,2023-02-01 01:21:50
98,meulaboh,4.1363,96.1285,75.04,82,100,4.16,ID,2023-02-01 01:21:51
99,zhigansk,66.7697,123.3711,-20.96,99,100,2.08,RU,2023-02-01 01:21:51
100,nebbi,2.4783,31.0889,73.96,48,20,6.51,UG,2023-02-01 01:21:51
101,sao filipe,14.8961,-24.4956,70.92,72,100,10.4,CV,2023-02-01 01:21:52
102,erzin,36.9559,36.2,44.15,83,100,3.4,TR,2023-02-01 01:21:52
103,persianovskiy,47.5137,40.1075,38.55,100,75,6.71,RU,2023-02-01 01:21:52
104,grand gaube,-20.0064,57.6608,77.4,83,100,1.01,MU,2023-02-01 01:21:53
105,smithers,54.7804,-127.1743,23.32,93,100,2.3,CA,2023-02-01 01:21:53
106,camacupa,-12.0167,17.4833,59.14,95,100,2.46,AO,2023-02-01 01:21:53
107,avarua,-21.2078,-159.775,80.65,69,75,16.11,CK,2023-02-01 01:21:54
108,murud,18.3258,72.965,73.11,55,68,8.19,IN,2023-02-01 01:21:54
109,puerto concordia,2.6221,-72.7572,77.72,48,11,3.67,CO,2023-02-01 01:21:54
110,bendigo,-36.7667,144.2833,70.65,50,6,1.99,AU,2023-02-01 01:21:55
111,lompoc,34.6391,-120.4579,59.02,51,0,8.05,US,2023-02-01 01:21:55
112,tura,25.5198,90.2201,60.94,56,100,2.08,IN,2023-02-01 01:21:56
113,ndioum,16.5129,-14.6471,72.81,16,1,9.6,SN,2023-02-01 01:21:56
114,victoria,22.2855,114.1577,69.94,83,89,5.01,HK,2023-02-01 01:18:40
115,capreol,46.706,-80.9225,7.27,85,40,5.75,CA,2023-02-01 01:21:57
116,leopold,-38.1833,144.4667,65.86,76,75,20.71,AU,2023-02-01 01:21:57
117,souillac,-20.5167,57.5167,77.38,88,40,4.61,MU,2023-02-01 01:17:48
118,los llanos de aridane,28.6585,-17.9182,56.95,72,63,11.01,ES,2023-02-01 01:21:57
119,pangnirtung,66.1451,-65.7125,-21.06,70,100,4.83,CA,2023-02-01 01:21:58
120,manadhoo,5.7667,73.3833,80.31,75,100,12.68,MV,2023-02-01 01:21:58
121,namatanai,-3.6667,152.4333,83.48,72,100,5.79,PG,2023-02-01 01:21:59
122,half moon bay,37.4636,-122.4286,57.11,42,0,12.66,US,2023-02-01 01:21:59
123,morros,-9.4467,-46.3003,76.15,61,58,1.32,BR,2023-02-01 01:21:59
124,bathsheba,13.2167,-59.5167,74.01,78,20,6.91,BB,2023-02-01 01:22:00
125,dothan,31.2232,-85.3905,69.69,90,0,3.44,US,2023-02-01 01:18:45
126,ponta do sol,32.6667,-17.1,58.01,75,71,6.42,PT,2023-02-01 01:20:40
127,cradock,-32.1642,25.6192,69.49,69,5,5.86,ZA,2023-02-01 01:22:01
128,lebu,-37.6167,-73.65,57.2,83,0,20.69,CL,2023-02-01 01:22:01
129,hobyo,5.3505,48.5268,75.25,73,8,14.83,SO,2023-02-01 01:22:01
130,yar-sale,66.8333,70.8333,12.85,94,100,16.6,RU,2023-02-01 01:22:02
131,merauke,-8.4667,140.3333,83.93,76,100,8.25,ID,2023-02-01 01:22:02
132,bluff,-46.6,168.3333,62.51,89,100,2.21,NZ,2023-02-01 01:22:03
133,luderitz,-26.6481,15.1594,60.8,93,2,11.7,NA,2023-02-01 01:22:03
134,cedar city,37.6775,-113.0619,14.4,73,0,5.75,US,2023-02-01 01:17:40
135,vila franca do campo,37.7167,-25.4333,54.01,82,80,7.52,PT,2023-02-01 01:22:04
136,swift current,50.2834,-107.8014,9.41,85,75,16.11,CA,2023-02-01 01:21:29
137,challapata,-18.9,-66.7667,53.98,64,59,5.79,BO,2023-02-01 01:22:04
138,pedernales,18.0384,-71.744,75.85,70,17,3.02,DO,2023-02-01 01:22:05
139,port alfred,-33.5906,26.891,68.18,95,7,7.27,ZA,2023-02-01 01:22:05
140,havelock,34.8791,-76.9013,58.95,90,100,4.61,US,2023-02-01 01:17:42
141,ormara,25.2088,64.6357,66.61,43,1,6.06,PK,2023-02-01 01:22:06
142,tuktoyaktuk,69.4541,-133.0374,-36.4,67,20,5.75,CA,2023-02-01 01:22:06
143,sechura,-5.5569,-80.8222,74.8,75,86,8.93,PE,2023-02-01 01:22:07
144,khatanga,71.9667,102.5,-43.98,100,71,3.76,RU,2023-02-01 01:22:07
145,mandalgovi,45.7625,106.2708,4.5,69,0,5.55,MN,2023-02-01 01:22:07
146,chiradzulu,-15.6746,35.1407,62.46,95,72,2.01,MW,2023-02-01 01:22:08
147,san quintin,30.4833,-115.95,56.07,60,24,5.68,MX,2023-02-01 01:22:09
148,mulanje,-16.0316,35.5,67.84,95,100,3.13,MW,2023-02-01 01:22:09
149,new norfolk,-42.7826,147.0587,57.9,67,100,1.99,AU,2023-02-01 01:22:10
150,jizan,17.3333,42.6667,77.94,78,21,3.74,SA,2023-02-01 01:22:11
151,bud,39.447,-86.1758,24.22,70,100,8.23,US,2023-02-01 01:22:11
152,kodiak,57.79,-152.4072,38.71,87,100,5.75,US,2023-02-01 01:18:52
153,longyearbyen,78.2186,15.6401,15.64,67,20,17.27,SJ,2023-02-01 01:22:12
154,leh,34.1667,77.5833,-0.67,88,100,3.29,IN,2023-02-01 01:22:12
155,hofn,64.2539,-15.2082,27.72,65,87,15.3,IS,2023-02-01 01:22:13
156,chapais,49.7834,-74.8492,-2.42,93,100,9.31,CA,2023-02-01 01:17:47
157,verkhoyansk,67.5447,133.385,-19.37,98,100,2.57,RU,2023-02-01 01:22:13
158,sola,-13.8833,167.55,81.25,72,100,6.4,VU,2023-02-01 01:22:14
159,te anau,-45.4167,167.7167,69.22,69,100,2.33,NZ,2023-02-01 01:22:14
160,nantucket,41.2835,-70.0995,33.94,66,100,12.66,US,2023-02-01 01:19:50
161,arandis,-22.4167,14.9667,62.49,73,100,4.7,NA,2023-02-01 01:22:15
162,camabatela,-8.1881,15.375,60.4,96,56,2.26,AO,2023-02-01 01:22:15
163,yulara,-25.2406,130.9889,85.15,23,1,13.44,AU,2023-02-01 01:22:16
164,aberdeen,57.1437,-2.0981,42.21,71,40,17.27,GB,2023-02-01 01:21:43
165,stafford,52.8052,-2.1164,46.54,81,30,19.57,GB,2023-02-01 01:18:37
166,malanje,-9.5402,16.341,61.9,96,99,0.89,AO,2023-02-01 01:22:16
167,bengkulu,-3.8004,102.2655,76.59,88,100,4.88,ID,2023-02-01 01:19:12
168,grindavik,63.8424,-22.4338,27.07,80,0,4.61,IS,2023-02-01 01:22:17
169,thinadhoo,0.5333,72.9333,80.8,75,100,11.07,MV,2023-02-01 01:22:17
170,basco,20.4487,121.9702,74.93,71,100,18.39,PH,2023-02-01 01:22:18
171,kapoeta,4.7717,33.5903,82.36,33,6,8.19,SS,2023-02-01 01:22:18
172,antofagasta,-23.65,-70.4,70.88,82,100,3.18,CL,2023-02-01 01:22:18
173,lebedyn,50.5852,34.4849,27.5,97,94,5.59,UA,2023-02-01 01:17:36
174,fillmore,43.6666,-92.1002,7.29,78,0,13.8,US,2023-02-01 01:22:19
175,komyshuvakha,47.7176,35.5288,30.31,89,100,4.29,UA,2023-02-01 01:22:19
176,mount gambier,-37.8333,140.7667,63.21,46,97,10.11,AU,2023-02-01 01:22:20
177,costa rica,-23.4167,-54.65,69.51,97,95,3.58,BR,2023-02-01 01:22:20
178,farah,32.5,62.5,49.1,37,100,9.19,AF,2023-02-01 01:22:21
179,faanui,-16.4833,-151.75,81.28,75,100,14.12,PF,2023-02-01 01:22:21
180,bermeo,43.4209,-2.7215,50.23,86,100,7.58,ES,2023-02-01 01:22:22
181,charters towers,-20.1,146.2667,82.13,69,100,9.73,AU,2023-02-01 01:22:22
182,karasjok,69.4719,25.5112,21.36,96,100,6.62,NO,2023-02-01 01:22:22
183,ribeira grande,38.5167,-28.7,55.78,81,91,8.99,PT,2023-02-01 01:22:23
184,healdsburg,38.6105,-122.8692,57.52,38,0,5.75,US,2023-02-01 01:21:04
185,san patricio,28.017,-97.5169,39.07,81,100,14.7,US,2023-02-01 01:22:24
186,liverpool,53.4106,-2.9779,47.14,80,75,24.16,GB,2023-02-01 01:20:29
187,general pico,-35.6566,-63.7568,79.47,40,10,8.23,AR,2023-02-01 01:22:24
188,hamilton,39.1834,-84.5333,26.94,68,100,10.36,US,2023-02-01 01:21:35
189,lorengau,-2.0226,147.2712,84.13,70,97,10.22,PG,2023-02-01 01:20:53
190,rocha,-34.4833,-54.3333,68.81,94,4,5.77,UY,2023-02-01 01:22:25
191,puerto ayora,-0.7393,-90.3518,77.56,91,98,4.47,EC,2023-02-01 01:22:25
192,tasiilaq,65.6145,-37.6368,8.76,75,98,5.97,GL,2023-02-01 01:22:26
193,barcelos,41.5388,-8.6151,41.85,77,23,4.25,PT,2023-02-01 01:22:26
194,airai,-8.9266,125.4092,70.97,73,76,1.92,TL,2023-02-01 01:22:27
195,mahebourg,-20.4081,57.7,77.29,88,40,4.61,MU,2023-02-01 01:22:27
196,shubarkuduk,49.1447,56.4872,5.63,82,2,8.05,KZ,2023-02-01 01:22:27
197,narsaq,60.9167,-46.05,19.62,93,100,3.51,GL,2023-02-01 01:22:28
198,simitli,41.8833,23.1167,28.76,94,39,3.83,BG,2023-02-01 01:22:28
199,adrar,20.5022,-10.0711,61.7,13,11,10.63,MR,2023-02-01 01:22:28
200,vestmannaeyjar,63.4427,-20.2734,32.0,70,100,8.93,IS,2023-02-01 01:22:29
201,constantine,36.365,6.6147,36.81,80,40,2.3,DZ,2023-02-01 01:22:29
202,vardo,70.3705,31.1107,31.98,86,100,29.93,NO,2023-02-01 01:22:30
203,male,4.1748,73.5089,80.55,83,75,9.22,MV,2023-02-01 01:22:30
204,nelson bay,-32.7167,152.15,79.09,72,92,13.0,AU,2023-02-01 01:22:31
205,peniche,39.3558,-9.3811,46.45,90,0,8.61,PT,2023-02-01 01:20:25
206,cozumel,20.5083,-86.9458,78.08,90,20,5.99,MX,2023-02-01 01:18:16
207,mineiros,-17.5694,-52.5511,70.25,87,100,2.73,BR,2023-02-01 01:21:44
208,lasa,46.6166,10.7002,28.36,89,28,6.78,IT,2023-02-01 01:22:32
209,vila velha,-20.3297,-40.2925,76.95,88,20,6.91,BR,2023-02-01 01:22:32
210,hasaki,35.7333,140.8333,46.8,59,3,14.81,JP,2023-02-01 01:19:15
211,monze,-16.2833,27.4833,63.19,97,92,4.0,ZM,2023-02-01 01:22:33
212,shingu,33.7333,135.9833,51.73,55,99,4.72,JP,2023-02-01 01:22:33
213,hagere selam,6.4833,38.5167,45.88,80,5,3.33,ET,2023-02-01 01:22:33
214,riberalta,-10.9833,-66.1,72.03,99,93,3.33,BO,2023-02-01 01:22:34
215,chalon-sur-saone,46.7833,4.85,39.97,93,87,4.09,FR,2023-02-01 01:22:34
216,mahina,-17.5065,-149.489,85.77,62,40,14.97,PF,2023-02-01 01:22:35
217,kaeo,-35.1,173.7833,72.32,93,100,7.67,NZ,2023-02-01 01:22:35
218,ballina,-28.8667,153.5667,84.78,81,68,7.7,AU,2023-02-01 01:22:36
219,leningradskiy,69.3833,178.4167,6.4,96,100,9.4,RU,2023-02-01 01:22:36
220,hilo,19.7297,-155.09,76.28,91,75,6.91,US,2023-02-01 01:22:36
221,san policarpo,12.1791,125.5072,79.93,85,28,14.14,PH,2023-02-01 01:22:37
222,iquitos,-3.7481,-73.2472,77.04,88,75,2.3,PE,2023-02-01 01:22:37
223,chaupal,30.95,77.5833,32.25,43,0,5.82,IN,2023-02-01 01:22:38
224,jacmel,18.2342,-72.5347,78.64,84,44,3.67,HT,2023-02-01 01:22:38
225,inhambane,-23.865,35.3833,77.88,66,76,10.69,MZ,2023-02-01 01:22:39
226,nogliki,51.8333,143.1667,-1.41,88,37,10.85,RU,2023-02-01 01:22:39
227,camacha,33.0833,-16.3333,56.62,63,20,17.27,PT,2023-02-01 01:22:39
228,zambezi,-13.5432,23.1047,62.65,95,100,1.68,ZM,2023-02-01 01:22:40
229,zabol,32.25,67.25,25.12,77,95,8.93,AF,2023-02-01 01:22:40
230,alofi,-19.0595,-169.9187,82.29,83,75,10.36,NU,2023-02-01 01:22:41
231,anloga,5.7947,0.8973,80.01,81,96,4.92,GH,2023-02-01 01:22:41
232,samarai,-10.6167,150.6667,85.05,67,100,1.28,PG,2023-02-01 01:22:42
233,trincomalee,8.5711,81.2335,75.16,92,100,20.69,LK,2023-02-01 01:22:42
234,nizhniy kuranakh,58.8353,125.4869,-12.71,95,100,6.55,RU,2023-02-01 01:22:42
235,khasan,42.4308,130.6434,22.3,76,100,9.95,RU,2023-02-01 01:22:43
236,rawson,-43.3002,-65.1023,61.45,59,0,18.05,AR,2023-02-01 01:20:41
237,port-gentil,-0.7193,8.7815,80.33,79,78,15.35,GA,2023-02-01 01:22:43
238,saint-agapit,46.5629,-71.4352,2.68,96,98,5.79,CA,2023-02-01 01:22:44
239,kavieng,-2.5744,150.7967,84.38,68,97,7.07,PG,2023-02-01 01:22:44
240,ayan,56.45,138.1667,-6.25,64,100,13.49,RU,2023-02-01 01:22:44
241,broken hill,-31.95,141.4333,74.62,33,0,14.52,AU,2023-02-01 01:22:45
242,preobrazheniye,42.9019,133.9064,24.01,91,100,6.53,RU,2023-02-01 01:22:45
243,roebourne,-20.7833,117.1333,91.81,49,59,8.08,AU,2023-02-01 01:22:46
244,torbay,47.6666,-52.7314,31.39,95,100,9.22,CA,2023-02-01 01:22:46
245,brodick,55.5754,-5.1472,45.34,82,98,27.69,GB,2023-02-01 01:22:47
246,techiman,7.5862,-1.9414,75.11,29,97,3.36,GH,2023-02-01 01:22:47
247,lagoa,39.05,-27.9833,56.89,69,97,11.9,PT,2023-02-01 01:22:47
248,xuddur,4.1213,43.8894,65.7,85,4,14.36,SO,2023-02-01 01:22:48
249,saint-augustin,51.226,-58.6502,-3.57,81,3,10.45,CA,2023-02-01 01:22:48
250,ust-nera,64.5667,143.2,-10.73,97,100,4.05,RU,2023-02-01 01:22:48
251,isangel,-19.55,169.2667,83.88,72,100,2.15,VU,2023-02-01 01:22:49
252,uyemskiy,64.4743,40.8524,28.45,86,100,11.18,RU,2023-02-01 01:22:49
253,inuvik,68.3499,-133.7218,-19.34,69,20,3.44,CA,2023-02-01 01:22:50
254,sorong,-0.8833,131.25,83.23,76,100,10.6,ID,2023-02-01 01:22:50
255,la macarena,2.1837,-73.7849,79.12,47,11,4.29,CO,2023-02-01 01:22:50
256,teacapan,22.55,-105.75,70.0,63,100,7.05,MX,2023-02-01 01:22:51
257,hami,42.8,93.45,24.75,32,99,4.68,CN,2023-02-01 01:22:51
258,cockburn town,21.4612,-71.1419,77.04,73,100,21.25,TC,2023-02-01 01:19:00
259,saldanha,-33.0117,17.9442,64.27,92,0,15.99,ZA,2023-02-01 01:22:52
260,nikolskoye,59.7035,30.7861,31.91,90,96,9.08,RU,2023-02-01 01:22:52
261,bethel,41.3712,-73.414,30.94,60,0,5.75,US,2023-02-01 01:22:53
262,bereda,43.2686,-7.5406,30.15,100,32,4.0,ES,2023-02-01 01:22:53
263,ilulissat,69.2167,-51.1,-2.18,71,20,4.61,GL,2023-02-01 01:22:53
264,clyde river,70.4692,-68.5914,-27.17,68,0,6.91,CA,2023-02-01 01:22:54
265,saint-pierre,-21.3393,55.4781,74.88,83,100,8.05,RE,2023-02-01 01:22:54
266,taltal,-25.4,-70.4833,68.67,82,37,2.51,CL,2023-02-01 01:22:55
267,agua verde,22.9,-106.05,75.29,60,48,9.57,MX,2023-02-01 01:22:55
268,qurayyat,31.3318,37.3428,42.98,70,20,3.44,SA,2023-02-01 01:22:55
269,port lincoln,-34.7333,135.8667,62.69,73,100,16.4,AU,2023-02-01 01:22:56
270,codrington,-38.2667,141.9667,61.9,53,100,15.03,AU,2023-02-01 01:22:57
271,nuevo laredo,27.4763,-99.5164,41.27,100,100,11.5,MX,2023-02-01 01:22:57
272,chuy,-33.6971,-53.4616,71.06,90,6,6.96,UY,2023-02-01 01:22:57
273,kerema,-7.9631,145.7785,84.58,67,92,3.8,PG,2023-02-01 01:22:58
274,provideniya,64.3833,-173.3,23.36,93,100,4.47,RU,2023-02-01 01:22:58
275,namibe,-15.1961,12.1522,71.56,83,100,4.25,AO,2023-02-01 01:22:58
276,marienburg,54.0359,19.0266,37.89,97,100,17.85,PL,2023-02-01 01:22:59
277,chaparral,3.7232,-75.4832,70.02,81,38,5.03,CO,2023-02-01 01:22:59
278,rafai,4.95,23.9167,70.47,37,3,3.04,CF,2023-02-01 01:23:00
279,geraldton,-28.7667,114.6,86.41,35,0,14.97,AU,2023-02-01 01:23:00
280,dunedin,-45.8742,170.5036,64.8,99,100,3.0,NZ,2023-02-01 01:23:01
281,alice springs,-23.7,133.8833,76.55,73,100,11.5,AU,2023-02-01 01:23:01
282,damavand,35.7178,52.065,27.9,97,100,2.37,IR,2023-02-01 01:19:19
283,kualakapuas,-3.0091,114.3876,77.41,88,100,2.71,ID,2023-02-01 01:23:02
284,chudovo,59.1167,31.6833,28.89,95,98,9.08,RU,2023-02-01 01:23:02
285,mocajuba,-2.5842,-49.5072,74.5,93,100,1.97,BR,2023-02-01 01:23:02
286,mangai,-4.05,19.5333,67.87,81,33,0.47,CD,2023-02-01 01:23:03
287,porto belo,-27.1578,-48.5531,79.16,84,100,8.12,BR,2023-02-01 01:18:03
288,santa rosalia,27.3167,-112.2833,58.78,60,81,3.87,MX,2023-02-01 01:23:04
289,gostyn,51.8825,17.0123,39.06,75,87,23.85,PL,2023-02-01 01:23:04
290,hambantota,6.1241,81.1185,75.15,87,97,2.1,LK,2023-02-01 01:23:05
291,xucheng,20.35,110.1288,66.4,86,15,7.74,CN,2023-02-01 01:23:05
292,ust-kan,50.9276,84.761,9.21,80,100,3.27,RU,2023-02-01 01:23:05
293,keti bandar,24.1447,67.4497,60.62,38,4,13.56,PK,2023-02-01 01:23:06
294,aberystwyth,52.4155,-4.0829,45.72,83,96,20.85,GB,2023-02-01 01:23:06
295,natal,-5.795,-35.2094,79.45,78,20,10.36,BR,2023-02-01 01:23:07
296,hukuntsi,-24.0,21.75,67.95,81,100,4.21,BW,2023-02-01 01:23:07
297,sao joao da barra,-21.6403,-41.0511,77.05,85,38,20.71,BR,2023-02-01 01:23:07
298,kavaratti,10.5669,72.642,79.5,74,100,14.52,IN,2023-02-01 01:23:08
299,naze,28.3667,129.4833,65.32,64,55,10.83,JP,2023-02-01 01:23:08
300,cayenne,4.9333,-52.3333,75.24,94,40,2.3,GF,2023-02-01 01:23:09
301,warri,5.5167,5.75,78.37,85,5,2.8,NG,2023-02-01 01:23:09
302,lodja,-3.4833,23.4333,68.49,99,100,3.89,CD,2023-02-01 01:23:09
303,coihaique,-45.5752,-72.0662,63.21,51,0,6.91,CL,2023-02-01 01:23:10
304,bambanglipuro,-7.95,110.2833,80.24,81,99,2.42,ID,2023-02-01 01:23:10
305,ixtapa,20.7,-105.2,75.22,78,20,9.22,MX,2023-02-01 01:23:11
306,katsuura,35.1333,140.3,50.02,49,1,21.18,JP,2023-02-01 01:23:11
307,sur,22.5667,59.5289,65.23,73,5,5.01,OM,2023-02-01 01:22:41
308,ridgecrest,35.6225,-117.6709,55.26,10,0,16.11,US,2023-02-01 01:23:12
309,severo-kurilsk,50.6789,156.125,25.27,54,46,4.68,RU,2023-02-01 01:23:12
310,pundaguitan,6.3711,126.1689,80.74,77,16,16.08,PH,2023-02-01 01:23:12
311,asau,46.4333,26.4,27.52,92,44,6.11,RO,2023-02-01 01:23:13
312,sitka,57.0531,-135.33,40.89,75,100,13.8,US,2023-02-01 01:23:13
313,union,40.6334,-74.2663,38.16,49,100,9.22,US,2023-02-01 01:23:13
314,timbiqui,2.7717,-77.6654,74.41,94,80,3.18,CO,2023-02-01 01:23:14
315,nanchong,30.7951,106.0847,52.79,51,0,1.34,CN,2023-02-01 01:23:14
316,dharangaon,21.0167,75.2667,65.77,52,10,2.55,IN,2023-02-01 01:23:15
317,voh,-20.9667,164.7,87.22,49,18,6.64,NC,2023-02-01 01:23:15
318,safaga,26.7292,33.9365,58.95,44,0,7.85,EG,2023-02-01 01:23:15
319,dzheguta,43.9671,42.0426,30.69,78,94,1.36,RU,2023-02-01 01:23:16
320,mayo,38.8876,-76.5119,38.12,90,100,4.61,US,2023-02-01 01:23:16
321,carnarvon,-24.8667,113.6333,79.59,70,52,12.71,AU,2023-02-01 01:23:17
322,ostrovnoy,68.0531,39.5131,18.03,97,87,4.38,RU,2023-02-01 01:23:17
323,innisfail,-17.5333,146.0333,78.46,92,100,5.57,AU,2023-02-01 01:23:18
324,salinopolis,-0.6136,-47.3561,77.58,87,98,5.7,BR,2023-02-01 01:23:18
325,shubarshi,48.5872,57.1869,8.89,79,1,8.16,KZ,2023-02-01 01:23:18
326,jibuti,11.5,42.5,65.5,71,0,16.28,DJ,2023-02-01 01:23:19
327,coracora,-15.0333,-73.7833,49.35,97,100,6.82,PE,2023-02-01 01:23:19
328,deputatskiy,69.3,139.9,-18.98,96,100,5.84,RU,2023-02-01 01:23:20
329,kanniyakumari,8.0833,77.5667,76.93,77,100,6.98,IN,2023-02-01 01:23:20
330,tommot,58.9564,126.2925,-12.59,94,100,8.05,RU,2023-02-01 01:23:21
331,albi,43.9298,2.148,43.47,96,100,2.15,FR,2023-02-01 01:23:21
332,sibolga,1.7427,98.7792,76.12,87,100,2.28,ID,2023-02-01 01:23:21
333,sicamous,50.8331,-118.9856,25.77,97,100,1.34,CA,2023-02-01 01:23:22
334,ajaigarh,24.9,80.2667,50.58,92,0,3.8,IN,2023-02-01 01:23:22
335,buckeye,33.3703,-112.5838,60.82,71,87,4.54,US,2023-02-01 01:23:23
336,honningsvag,70.9821,25.9704,33.55,80,75,28.77,NO,2023-02-01 01:23:23
337,esperance,-33.8667,121.9,63.1,64,100,13.49,AU,2023-02-01 01:23:24
338,komsomolskiy,40.4272,71.7189,30.92,74,100,4.61,UZ,2023-02-01 01:23:24
339,amalapuram,16.5833,82.0167,72.16,69,39,5.86,IN,2023-02-01 01:23:24
340,matagami,49.7502,-77.6328,8.71,85,100,6.91,CA,2023-02-01 01:23:25
341,sokoni,-6.4333,39.55,79.18,80,26,7.92,TZ,2023-02-01 01:23:25
342,pevek,69.7008,170.3133,6.53,82,4,4.34,RU,2023-02-01 01:23:26
343,ngunguru,-35.6167,174.5,72.41,81,100,11.41,NZ,2023-02-01 01:23:26
344,yilan,24.757,121.753,71.51,51,0,0.98,TW,2023-02-01 01:23:27
345,la rioja,42.25,-2.5,37.18,91,86,4.36,ES,2023-02-01 01:23:27
346,morondava,-20.2833,44.2833,77.92,87,100,12.15,MG,2023-02-01 01:23:27
347,caravelas,-17.7125,-39.2481,75.92,84,86,5.41,BR,2023-02-01 01:23:28
348,prado,-17.3411,-39.2208,76.23,84,16,6.29,BR,2023-02-01 01:23:28
349,sinnamary,5.3833,-52.95,75.16,88,93,5.17,GF,2023-02-01 01:23:28
350,zhezkazgan,47.8043,67.7144,-0.42,85,25,6.71,KZ,2023-02-01 01:23:29
351,tuatapere,-46.1333,167.6833,65.68,86,100,0.63,NZ,2023-02-01 01:23:29
352,nanortalik,60.1432,-45.2371,14.85,84,100,5.1,GL,2023-02-01 01:23:30
353,san luis,-33.295,-66.3356,80.53,47,33,8.19,AR,2023-02-01 01:23:30
354,gandai,21.6667,81.1,59.58,63,6,3.15,IN,2023-02-01 01:23:31
355,rabo de peixe,37.8,-25.5833,53.11,87,40,4.61,PT,2023-02-01 01:23:31
356,susuman,62.7833,148.1667,-5.01,96,100,0.31,RU,2023-02-01 01:23:32
357,invermere,50.5167,-116.0354,11.35,83,100,3.15,CA,2023-02-01 01:23:32
358,nouadhibou,20.931,-17.0347,60.78,59,100,19.57,MR,2023-02-01 01:23:33
359,chapleau,47.8405,-83.4034,-0.31,78,0,3.44,CA,2023-02-01 01:23:33
360,boma,7.0805,-2.1697,70.93,48,64,2.28,GH,2023-02-01 01:23:33
361,carahue,-38.7,-73.1667,53.28,89,1,5.35,CL,2023-02-01 01:23:34
362,cabo san lucas,22.8909,-109.9124,70.52,71,100,1.01,MX,2023-02-01 01:20:12
363,gat,31.61,34.7642,54.39,100,49,17.98,IL,2023-02-01 01:23:35
364,touros,-5.1989,-35.4608,80.04,75,100,14.56,BR,2023-02-01 01:23:35
365,akyab,20.15,92.9,65.59,63,60,6.24,MM,2023-02-01 01:23:36
366,pecos,31.4229,-103.4932,28.49,74,100,6.91,US,2023-02-01 01:23:36
367,urengoy,65.9667,78.3667,3.81,94,100,13.38,RU,2023-02-01 01:23:37
368,san cristobal,7.7669,-72.225,68.18,90,96,2.8,VE,2023-02-01 01:23:37
369,jalu,29.0331,21.5482,51.98,59,5,14.67,LY,2023-02-01 01:23:38
370,araceli,10.5529,119.9913,79.25,86,93,19.69,PH,2023-02-01 01:23:38
371,avera,33.194,-82.5271,62.91,95,100,5.93,US,2023-02-01 01:23:38
372,kenai,60.5544,-151.2583,34.09,91,100,3.44,US,2023-02-01 01:23:39
373,manado,1.487,124.8455,86.77,74,40,2.3,ID,2023-02-01 01:23:39
374,calvia,39.5657,2.5062,41.41,91,3,2.71,ES,2023-02-01 01:23:40
375,tukrah,32.5341,20.5791,56.26,63,39,22.73,LY,2023-02-01 01:23:40
376,parabel,58.6978,81.4825,-6.02,100,12,4.65,RU,2023-02-01 01:23:41
377,keffi,8.8486,7.8736,80.22,40,99,4.27,NG,2023-02-01 01:23:41
378,olinda,-8.0089,-34.8553,82.13,69,40,8.05,BR,2023-02-01 01:23:41
379,batagay,67.6333,134.6333,-24.14,97,100,3.53,RU,2023-02-01 01:23:42
380,piranhas,-16.4269,-51.8222,73.18,89,100,1.01,BR,2023-02-01 01:23:42
381,pachino,36.7186,15.0907,50.4,59,11,11.97,IT,2023-02-01 01:23:43
382,muravlenko,63.7898,74.523,9.03,94,100,16.33,RU,2023-02-01 01:23:43
383,vaniyambadi,12.6833,78.6167,66.11,71,100,2.8,IN,2023-02-01 01:23:43
384,port keats,-14.25,129.55,85.33,76,100,11.05,AU,2023-02-01 01:23:44
385,coos bay,43.3665,-124.2179,47.93,80,0,6.91,US,2023-02-01 01:23:44
386,vanimo,-2.6741,141.3028,85.17,65,84,2.68,PG,2023-02-01 01:23:44
387,fillan,63.6064,8.9696,24.24,67,100,8.48,NO,2023-02-01 01:23:45
388,ouro preto do oeste,-10.7481,-62.2158,70.07,99,98,2.44,BR,2023-02-01 01:23:45
389,praia da vitoria,38.7333,-27.0667,55.65,82,40,10.2,PT,2023-02-01 01:20:08
390,matara,5.9485,80.5353,73.53,88,100,4.88,LK,2023-02-01 01:23:46
391,ambanja,-13.6833,48.45,75.04,92,69,2.51,MG,2023-02-01 01:23:46
392,vilhena,-12.7406,-60.1458,66.88,98,100,2.06,BR,2023-02-01 01:23:47
393,comodoro rivadavia,-45.8667,-67.5,69.66,37,0,19.57,AR,2023-02-01 01:19:25
394,santa cecilia,-26.9608,-50.4269,59.13,98,32,2.06,BR,2023-02-01 01:23:47
395,faya,18.3851,42.4509,50.52,60,91,3.83,SA,2023-02-01 01:23:48
396,oktyabrskoye,43.0645,44.7417,26.74,100,24,2.24,RU,2023-02-01 01:23:48
397,monywa,22.1167,95.1333,71.62,57,36,3.44,MM,2023-02-01 01:23:48
398,yatou,37.15,122.3833,32.74,59,100,22.95,CN,2023-02-01 01:23:49
399,san rafael,-34.6177,-68.3301,72.23,55,14,17.56,AR,2023-02-01 01:23:49
400,biltine,14.5333,20.9167,72.99,18,55,8.63,TD,2023-02-01 01:23:50
401,wenling,28.3669,121.36,56.14,74,0,3.15,CN,2023-02-01 01:23:50
402,anju,39.6178,125.6647,23.7,76,19,8.59,KP,2023-02-01 01:23:50
403,krasnoslobodsk,48.7072,44.5714,22.82,86,40,8.95,RU,2023-02-01 01:23:51
404,jati,24.3539,68.2671,57.79,35,3,10.51,PK,2023-02-01 01:23:51
405,kidal,18.4411,1.4078,64.27,9,63,7.92,ML,2023-02-01 01:23:52
406,tanuku,16.75,81.7,73.76,73,46,6.91,IN,2023-02-01 01:23:52
407,rodrigues alves,-7.738,-72.6509,74.21,95,97,3.15,BR,2023-02-01 01:23:52
408,darhan,49.4867,105.9228,-9.17,92,100,5.3,MN,2023-02-01 01:23:53
409,vidim,56.4088,103.1106,-0.69,98,100,3.71,RU,2023-02-01 01:23:53
410,qaqortoq,60.7167,-46.0333,10.17,90,100,3.85,GL,2023-02-01 01:23:54
411,hit,33.6416,42.8251,51.08,65,6,7.47,IQ,2023-02-01 01:23:54
412,manono,-7.3,27.4167,67.21,97,6,2.15,CD,2023-02-01 01:23:54
413,sao geraldo do araguaia,-6.4006,-48.555,74.23,92,73,0.74,BR,2023-02-01 01:23:55
414,muli,2.9167,73.5667,80.06,73,100,9.04,MV,2023-02-01 01:23:55
415,egvekinot,66.3167,-179.1667,13.42,93,96,5.73,RU,2023-02-01 01:23:56
416,junnar,19.2,73.8833,62.33,68,14,8.59,IN,2023-02-01 01:23:56
417,puerto rondon,6.2805,-71.1,79.25,44,1,4.25,CO,2023-02-01 01:23:57
418,sabang,5.8933,95.3214,78.17,74,100,5.41,ID,2023-02-01 01:23:57
419,asfi,32.2994,-9.2372,55.71,63,100,13.82,MA,2023-02-01 01:23:58
420,west bay,19.3667,-81.4167,79.0,84,20,6.91,KY,2023-02-01 01:23:58
421,korla,41.7597,86.1469,19.06,81,100,2.53,CN,2023-02-01 01:23:59
422,bambous virieux,-20.3428,57.7575,77.25,88,40,4.61,MU,2023-02-01 01:23:59
423,losone,46.1687,8.7593,43.02,75,0,7.0,CH,2023-02-01 01:23:59
424,boralday,43.3578,76.8594,13.86,92,75,2.24,KZ,2023-02-01 01:24:00
425,roma,43.2128,-75.4557,15.94,73,75,4.61,US,2023-02-01 01:24:01
426,raudeberg,61.9875,5.1352,39.87,1,100,25.43,NO,2023-02-01 01:24:01
427,tosya,41.0155,34.0401,29.75,90,100,2.93,TR,2023-02-01 01:24:01
428,huilong,31.8111,121.655,47.68,59,28,11.36,CN,2023-02-01 01:24:02
429,gondanglegi,-7.7479,112.0132,79.07,81,100,1.36,ID,2023-02-01 01:24:02
430,ca mau,9.1769,105.15,78.28,75,83,4.88,VN,2023-02-01 01:24:03
431,madang,-5.2246,145.7966,86.45,64,100,4.56,PG,2023-02-01 01:24:03
432,darnah,32.767,22.6367,56.77,56,14,30.15,LY,2023-02-01 01:24:04
433,talnakh,69.4865,88.3972,4.21,96,100,10.11,RU,2023-02-01 01:24:04
434,teknaf,20.8624,92.3058,64.92,69,100,7.11,BD,2023-02-01 01:24:04
435,fatsa,41.0278,37.5014,42.6,97,100,3.49,TR,2023-02-01 01:24:05
436,onalaska,43.8844,-91.2351,8.44,71,0,4.61,US,2023-02-01 01:24:05
437,siteki,-26.45,31.95,66.02,98,100,2.59,SZ,2023-02-01 01:24:06
438,mezen,65.8522,44.24,27.82,93,100,14.58,RU,2023-02-01 01:24:06
439,cantagallo,7.376,-73.9196,77.32,67,5,2.48,CO,2023-02-01 01:24:06
440,diamantino,-14.4086,-56.4461,73.04,92,100,3.06,BR,2023-02-01 01:24:07
441,lensk,60.7253,114.9278,-10.97,96,100,6.58,RU,2023-02-01 01:24:07
442,cam ranh,11.9214,109.1591,75.16,78,75,1.14,VN,2023-02-01 01:24:08
443,chenzhou,25.8,113.0333,60.76,65,20,3.36,CN,2023-02-01 01:24:08
444,krasnoselkup,65.7,82.4667,-4.04,99,99,10.76,RU,2023-02-01 01:24:09
445,altay,47.8667,88.1167,12.47,56,100,6.69,CN,2023-02-01 01:24:09
446,seoul,37.5683,126.9778,40.39,78,20,6.91,KR,2023-02-01 01:24:10
447,iqaluit,63.7506,-68.5145,-14.31,68,75,13.8,CA,2023-02-01 01:24:10
448,amuntai,-2.4177,115.2494,77.95,88,100,1.1,ID,2023-02-01 01:24:10
449,marsh harbour,26.5412,-77.0636,74.79,74,5,8.16,BS,2023-02-01 01:24:11
450,atar,20.5169,-13.0499,66.49,22,21,5.91,MR,2023-02-01 01:19:20
451,storforshei,66.4043,14.5233,20.98,93,100,2.3,NO,2023-02-01 01:24:11
452,placido de castro,-10.3353,-67.1856,72.27,97,99,2.48,BR,2023-02-01 01:24:12
453,petrivka,46.9695,30.9591,26.96,94,17,6.46,UA,2023-02-01 01:24:12
454,shache,38.4167,77.2406,17.56,88,85,1.72,CN,2023-02-01 01:24:13
455,jilin,43.0,126.0,17.26,92,100,7.36,CN,2023-02-01 01:24:13
456,oranjestad,12.524,-70.027,78.42,77,0,16.84,AW,2023-02-01 01:24:14
457,saint george,37.1041,-113.5841,37.99,34,0,5.99,US,2023-02-01 01:24:14
458,monrovia,6.3005,-10.7969,76.77,87,15,4.12,LR,2023-02-01 01:24:14
459,hirara,24.8,125.2833,73.26,64,75,9.22,JP,2023-02-01 01:24:15
460,dubbo,-32.25,148.6167,87.93,29,0,10.36,AU,2023-02-01 01:24:15
461,umm kaddadah,13.6017,26.6876,70.75,16,8,18.1,SD,2023-02-01 01:24:16
462,bemidji,47.4736,-94.8803,-0.63,71,0,4.61,US,2023-02-01 01:20:46
463,roald,62.5833,6.1333,39.76,93,75,3.44,NO,2023-02-01 01:24:16
464,nichinan,31.6,131.3667,51.48,69,100,4.94,JP,2023-02-01 01:24:17
465,chibombo,-14.6569,28.0706,63.28,99,100,2.26,ZM,2023-02-01 01:24:17
466,lima,-12.0432,-77.0282,77.9,71,0,14.97,PE,2023-02-01 01:21:35
467,aras,42.5617,-2.356,41.41,76,100,12.66,ES,2023-02-01 01:24:17
468,nuuk,64.1835,-51.7216,5.0,93,100,14.67,GL,2023-02-01 01:24:18
469,kalmunai,7.4167,81.8167,74.64,92,99,16.62,LK,2023-02-01 01:24:18
470,filadelfia,39.9523,-75.1638,35.62,82,100,5.75,US,2023-02-01 01:22:24
471,palu,-0.8917,119.8707,78.39,95,100,1.19,ID,2023-02-01 01:24:19
472,puri,19.8,85.85,72.12,56,100,8.23,IN,2023-02-01 01:24:19
473,santa isabel do rio negro,-0.4139,-65.0192,74.01,93,100,1.99,BR,2023-02-01 01:24:20
474,bani walid,31.7566,13.9942,46.47,72,5,11.39,LY,2023-02-01 01:24:20
475,mayumba,-3.432,10.6554,78.12,83,100,5.53,GA,2023-02-01 01:24:20
476,oshakati,-17.7833,15.6833,69.82,69,91,8.08,NA,2023-02-01 01:24:21
477,xining,36.6167,101.7667,20.84,31,100,1.79,CN,2023-02-01 01:24:21
478,sawakin,19.1059,37.3321,75.58,85,97,16.69,SD,2023-02-01 01:24:22
479,zeya,53.75,127.2667,-3.3,79,100,6.71,RU,2023-02-01 01:24:22
480,mokhsogollokh,61.4681,128.9203,-26.36,94,100,8.25,RU,2023-02-01 01:24:23
481,palembang,-2.9167,104.7458,77.09,94,20,10.36,ID,2023-02-01 01:24:23
482,qinhuangdao,39.9317,119.5883,28.31,22,92,15.41,CN,2023-02-01 01:24:23
483,manokwari,-0.8667,134.0833,82.6,68,20,3.74,ID,2023-02-01 01:24:24
484,makakilo city,21.3469,-158.0858,80.92,65,0,8.05,US,2023-02-01 01:24:24
485,lisala,2.15,21.5167,70.09,79,6,2.93,CD,2023-02-01 01:24:25
486,brokopondo,4.75,-55.1667,73.53,90,29,7.16,SR,2023-02-01 01:24:25
487,usinsk,65.9939,57.5281,24.37,92,100,20.6,RU,2023-02-01 01:24:26
488,bilibino,68.0546,166.4372,4.23,90,84,6.02,RU,2023-02-01 01:24:27
489,jesus maria,-30.9815,-64.0942,81.5,58,97,1.7,AR,2023-02-01 01:24:27
490,afua,-0.1567,-50.3867,75.52,91,100,4.72,BR,2023-02-01 01:24:28
491,luanda,-8.8368,13.2343,78.8,89,75,10.36,AO,2023-02-01 01:24:28
492,ancud,-41.8697,-73.8203,54.23,78,0,2.42,CL,2023-02-01 01:24:28
493,tambopata,-12.7333,-69.1833,73.0,98,49,2.44,PE,2023-02-01 01:24:29
494,kharitonovo,61.4009,47.4978,27.7,90,100,12.48,RU,2023-02-01 01:24:29
495,manyoni,-5.7467,34.8382,62.24,87,74,2.51,TZ,2023-02-01 01:24:30
496,chitral,35.8462,71.7858,26.82,54,9,7.76,PK,2023-02-01 01:24:30
497,wegorzewo,54.2157,21.7372,33.57,99,100,14.72,PL,2023-02-01 01:24:31
498,japura,-0.3167,102.35,73.87,97,100,1.7,ID,2023-02-01 01:24:31
499,gaildorf,49.0003,9.7695,40.64,90,100,14.97,DE,2023-02-01 01:24:31
500,esna,25.2934,32.554,48.22,49,0,6.98,EG,2023-02-01 01:24:32
501,nabire,-3.3667,135.4833,81.63,74,100,0.63,ID,2023-02-01 01:24:32
502,sterling,39.0062,-77.4286,36.55,91,100,6.91,US,2023-02-01 01:23:43
503,hirtshals,57.5881,9.9592,41.97,79,100,32.23,DK,2023-02-01 01:24:33
504,moog,8.6011,124.4658,80.24,74,53,2.73,PH,2023-02-01 01:24:33
505,flinders,-34.5833,150.8552,84.18,60,15,1.99,AU,2023-02-01 01:24:33
506,kautokeino,69.0125,23.0412,16.84,96,100,5.21,NO,2023-02-01 01:24:34
507,cairns,-16.9167,145.7667,85.95,74,100,5.75,AU,2023-02-01 01:24:34
508,high prairie,55.4334,-116.4858,11.8,96,100,3.51,CA,2023-02-01 01:24:35
509,konstantinovsk,47.5828,41.0922,35.17,89,100,3.89,RU,2023-02-01 01:24:35
510,havoysund,70.9963,24.6622,34.03,84,100,25.01,NO,2023-02-01 01:24:36
511,krasnoborsk,61.5598,45.934,29.41,89,100,11.18,RU,2023-02-01 01:24:36
512,meadville,41.6414,-80.1515,20.05,77,0,4.61,US,2023-02-01 01:23:26
513,uberaba,-19.7483,-47.9319,72.18,83,20,5.75,BR,2023-02-01 01:24:37
514,bandipur,27.9333,84.4167,46.24,39,0,3.02,NP,2023-02-01 01:24:37
515,sainte-maxime,43.3,6.6333,45.19,63,45,3.98,FR,2023-02-01 01:24:37
516,daru,-9.0763,143.2092,84.56,74,100,6.51,PG,2023-02-01 01:24:38
517,arroyo,41.6096,-4.7969,40.59,85,100,8.05,ES,2023-02-01 01:24:38
518,golspie,57.9727,-3.978,42.15,80,20,28.77,GB,2023-02-01 01:24:39
519,naberera,-4.2,36.9333,59.22,93,4,2.91,TZ,2023-02-01 01:24:39
520,neuquen,-38.9516,-68.0591,69.69,60,0,3.44,AR,2023-02-01 01:20:31
521,medea,36.2642,2.7539,35.96,62,0,2.64,DZ,2023-02-01 01:24:40
522,college,64.8569,-147.8028,18.81,84,75,4.61,US,2023-02-01 01:24:40
523,kushima,31.4583,131.2333,56.7,70,99,4.92,JP,2023-02-01 01:24:41
524,sept-iles,50.2001,-66.3821,5.0,70,40,9.22,CA,2023-02-01 01:24:41
525,puerto ayacucho,5.6639,-67.6236,78.28,47,12,5.1,VE,2023-02-01 01:24:41
526,behshahr,36.6923,53.5526,46.83,95,100,7.9,IR,2023-02-01 01:24:42
527,batagay-alyta,67.8006,130.4114,-11.6,100,100,0.47,RU,2023-02-01 01:24:42
528,jakarta,-6.2146,106.8451,84.42,96,40,9.22,ID,2023-02-01 01:24:43
529,beringovskiy,63.05,179.3167,22.62,98,67,7.0,RU,2023-02-01 01:24:43
530,gimli,50.6336,-96.9907,-14.78,70,70,3.44,CA,2023-02-01 01:24:43
531,abay,49.6311,72.8539,16.18,100,82,3.11,KZ,2023-02-01 01:24:44
532,sotuta,20.6,-89.0167,76.26,70,67,4.32,MX,2023-02-01 01:24:44
533,tabuk,17.4189,121.4443,71.85,78,47,5.68,PH,2023-02-01 01:24:45
534,saint-joseph,-21.3667,55.6167,73.78,87,100,12.26,RE,2023-02-01 01:24:45
535,les cayes,18.2,-73.75,73.6,77,11,1.54,HT,2023-02-01 01:24:45
536,san matias,-16.3667,-58.4,74.82,90,100,2.33,BO,2023-02-01 01:24:46
537,ampanihy,-24.7,44.75,67.84,79,82,12.28,MG,2023-02-01 01:24:46
538,contamana,-7.3333,-75.0167,84.96,55,100,3.83,PE,2023-02-01 01:24:47
539,severodvinsk,64.5635,39.8302,28.51,87,100,12.93,RU,2023-02-01 01:24:47
540,idil,37.3411,41.8895,39.13,100,75,5.75,TR,2023-02-01 01:24:47
541,nyimba,-14.5566,30.8149,66.83,96,97,2.82,ZM,2023-02-01 01:24:48
542,cidreira,-30.1811,-50.2056,75.36,90,0,7.07,BR,2023-02-01 01:24:48
543,puerto del rosario,28.5004,-13.8627,60.1,65,0,14.16,ES,2023-02-01 01:24:49
544,klaeng,12.7797,101.6483,79.95,96,100,2.55,TH,2023-02-01 01:24:49
545,la crosse,43.8014,-91.2396,8.51,72,0,4.61,US,2023-02-01 01:24:22
546,saint-leu,-21.15,55.2833,74.26,81,100,14.05,RE,2023-02-01 01:24:50
547,klaksvik,62.2266,-6.589,42.03,81,100,29.17,FO,2023-02-01 01:24:50
548,talara,-4.5772,-81.2719,79.56,73,0,3.44,PE,2023-02-01 01:24:50
549,eyl,7.9803,49.8164,72.7,78,71,13.91,SO,2023-02-01 01:24:51
550,axim,4.8699,-2.2405,78.13,85,92,2.01,GH,2023-02-01 01:24:51
551,chilca,-12.5211,-76.7372,71.83,83,97,6.69,PE,2023-02-01 01:24:52
552,bamiantong,44.9333,130.5333,7.47,89,87,1.9,CN,2023-02-01 01:24:52
553,sobolevo,54.4299,31.8996,28.96,92,100,6.06,RU,2023-02-01 01:24:52
554,champerico,14.3,-91.9167,79.59,66,8,5.97,GT,2023-02-01 01:24:53
555,juigalpa,12.1063,-85.3645,74.89,80,9,13.78,NI,2023-02-01 01:24:53
556,muzhi,65.3667,64.6667,17.64,93,100,9.64,RU,2023-02-01 01:24:54
557,chara,56.9064,118.2631,-8.82,77,100,3.58,RU,2023-02-01 01:24:54
558,ust-omchug,61.15,149.6333,-8.9,97,99,2.71,RU,2023-02-01 01:24:54
559,sakakah,29.9697,40.2064,45.97,67,0,5.66,SA,2023-02-01 01:24:55
560,eugene,44.0521,-123.0867,44.4,67,100,5.75,US,2023-02-01 01:20:05
561,la asuncion,11.0333,-63.8628,73.09,83,0,7.9,VE,2023-02-01 01:24:55
562,alta floresta,-9.8756,-56.0861,70.9,96,35,1.92,BR,2023-02-01 01:24:56
563,russell,32.3502,-85.1999,63.63,100,20,3.44,US,2023-02-01 01:24:56
564,lapa,-25.7697,-49.7158,62.67,99,100,3.36,BR,2023-02-01 01:21:52
565,barcelona,41.3888,2.159,48.18,67,0,9.22,ES,2023-02-01 01:21:57
566,almonte,37.2647,-6.5167,46.56,57,2,5.88,ES,2023-02-01 01:22:35
567,veydelevka,50.1521,38.4492,22.1,95,24,2.08,RU,2023-02-01 01:24:57
568,dunmore town,25.5,-76.65,75.72,72,5,9.64,BS,2023-02-01 01:24:57
569,sagua la grande,22.8067,-80.0756,74.39,77,1,13.44,CU,2023-02-01 01:24:58
570,rumphi,-11.0186,33.8575,63.01,97,100,3.31,MW,2023-02-01 01:24:58
571,carpinteria,34.3989,-119.5185,62.69,60,0,1.01,US,2023-02-01 01:24:59
572,petropavlovsk-kamchatskiy,53.0452,158.6483,7.39,66,20,8.95,RU,2023-02-01 01:24:59
573,ajdabiya,30.7554,20.2263,58.06,60,5,19.48,LY,2023-02-01 01:24:59
574,san jose,37.3394,-121.895,57.88,32,20,5.75,US,2023-02-01 01:22:21
575,semnan,35.5729,53.3971,41.7,89,100,2.3,IR,2023-02-01 01:25:00
576,methoni,36.8197,21.7049,39.06,67,0,6.46,GR,2023-02-01 01:25:00
577,chimbote,-9.0853,-78.5783,71.64,75,98,4.94,PE,2023-02-01 01:25:01
578,kaffrine,14.1059,-15.5508,69.67,17,6,9.15,SN,2023-02-01 01:25:01
579,richards bay,-28.783,32.0377,73.04,92,100,13.2,ZA,2023-02-01 01:25:02
580,manyana,-23.4,21.7167,66.0,90,93,3.78,BW,2023-02-01 01:25:02
581,barra dos coqueiros,-10.9089,-37.0386,78.82,78,75,2.3,BR,2023-02-01 01:25:03
582,okhotsk,59.3833,143.3,0.0,95,100,12.59,RU,2023-02-01 01:25:03
